,nodeId,communityId,intermediateCommunityIds
0,0,0,
1,1,1,
2,2,3837,
3,3,3,
4,4,4,
5,5,5,
6,6,6,
7,7,3421,
8,8,8,
9,9,2502,
10,10,10,
11,11,11,
12,12,12,
13,13,13,
14,14,14,
15,15,15,
16,16,3941,
17,17,17,
18,18,18,
19,19,19,
20,20,20,
21,21,21,
22,22,22,
23,23,2615,
24,24,24,
25,25,25,
26,26,26,
27,27,27,
28,28,28,
29,29,2511,
30,30,2514,
31,31,31,
32,32,3421,
33,33,33,
34,34,34,
35,35,35,
36,36,36,
37,37,37,
38,38,3421,
39,39,39,
40,40,3941,
41,41,41,
42,42,42,
43,43,43,
44,44,3421,
45,45,2580,
46,46,46,
47,47,47,
48,48,2581,
49,49,49,
50,50,50,
51,51,51,
52,52,52,
53,53,2582,
54,54,54,
55,55,55,
56,56,56,
57,57,57,
58,58,58,
59,59,59,
60,60,60,
61,61,61,
62,62,2615,
63,63,63,
64,64,3852,
65,65,65,
66,66,66,
67,67,67,
68,68,68,
69,69,69,
70,70,70,
71,71,3190,
72,72,72,
73,73,73,
74,74,74,
75,75,75,
76,76,76,
77,77,77,
78,78,3837,
79,79,79,
80,80,3843,
81,81,81,
82,82,82,
83,83,83,
84,84,84,
85,85,85,
86,86,86,
87,87,3402,
88,88,88,
89,89,2586,
90,90,90,
91,91,91,
92,92,2590,
93,93,93,
94,94,94,
95,95,95,
96,96,96,
97,97,3793,
98,98,98,
99,99,99,
100,100,100,
101,101,2600,
102,102,102,
103,103,103,
104,104,104,
105,105,2690,
106,106,106,
107,107,107,
108,108,108,
109,109,109,
110,110,110,
111,111,111,
112,112,112,
113,113,113,
114,114,114,
115,115,3190,
116,116,116,
117,117,3941,
118,118,118,
119,119,119,
120,120,120,
121,121,121,
122,122,122,
123,123,123,
124,124,2612,
125,125,125,
126,126,126,
127,127,127,
128,128,128,
129,129,129,
130,130,130,
131,131,131,
132,132,3421,
133,133,133,
134,134,3941,
135,135,3848,
136,136,3190,
137,137,137,
138,138,138,
139,139,2848,
140,140,140,
141,141,141,
142,142,142,
143,143,143,
144,144,2615,
145,145,145,
146,146,146,
147,147,147,
148,148,148,
149,149,149,
150,150,150,
151,151,151,
152,152,2616,
153,153,153,
154,154,154,
155,155,2615,
156,156,156,
157,157,3852,
158,158,158,
159,159,2617,
160,160,160,
161,161,161,
162,162,162,
163,163,163,
164,164,3402,
165,165,165,
166,166,166,
167,167,3421,
168,168,168,
169,169,169,
170,170,170,
171,171,171,
172,172,3190,
173,173,173,
174,174,174,
175,175,175,
176,176,176,
177,177,177,
178,178,3852,
179,179,179,
180,180,180,
181,181,181,
182,182,182,
183,183,183,
184,184,184,
185,185,185,
186,186,186,
187,187,187,
188,188,2767,
189,189,189,
190,190,190,
191,191,191,
192,192,3561,
193,193,3421,
194,194,3518,
195,195,195,
196,196,196,
197,197,197,
198,198,198,
199,199,199,
200,200,200,
201,201,201,
202,202,202,
203,203,3190,
204,204,204,
205,205,205,
206,206,206,
207,207,207,
208,208,208,
209,209,3543,
210,210,3402,
211,211,2653,
212,212,212,
213,213,213,
214,214,214,
215,215,215,
216,216,216,
217,217,2767,
218,218,218,
219,219,219,
220,220,220,
221,221,221,
222,222,222,
223,223,223,
224,224,224,
225,225,225,
226,226,226,
227,227,227,
228,228,228,
229,229,229,
230,230,3421,
231,231,231,
232,232,232,
233,233,233,
234,234,234,
235,235,235,
236,236,236,
237,237,3941,
238,238,238,
239,239,3864,
240,240,240,
241,241,241,
242,242,242,
243,243,243,
244,244,244,
245,245,245,
246,246,246,
247,247,247,
248,248,3239,
249,249,249,
250,250,250,
251,251,251,
252,252,252,
253,253,253,
254,254,254,
255,255,2686,
256,256,256,
257,257,257,
258,258,258,
259,259,259,
260,260,260,
261,261,261,
262,262,262,
263,263,2600,
264,264,264,
265,265,265,
266,266,2689,
267,267,267,
268,268,268,
269,269,269,
270,270,270,
271,271,271,
272,272,2690,
273,273,273,
274,274,274,
275,275,3868,
276,276,276,
277,277,277,
278,278,278,
279,279,279,
280,280,280,
281,281,281,
282,282,2615,
283,283,2848,
284,284,284,
285,285,285,
286,286,286,
287,287,287,
288,288,288,
289,289,289,
290,290,290,
291,291,291,
292,292,292,
293,293,293,
294,294,294,
295,295,295,
296,296,296,
297,297,297,
298,298,298,
299,299,299,
300,300,300,
301,301,301,
302,302,2617,
303,303,303,
304,304,3402,
305,305,305,
306,306,3870,
307,307,2615,
308,308,308,
309,309,2753,
310,310,310,
311,311,311,
312,312,312,
313,313,313,
314,314,314,
315,315,2767,
316,316,316,
317,317,317,
318,318,318,
319,319,319,
320,320,320,
321,321,321,
322,322,322,
323,323,3248,
324,324,324,
325,325,325,
326,326,326,
327,327,4083,
328,328,328,
329,329,329,
330,330,330,
331,331,331,
332,332,332,
333,333,333,
334,334,334,
335,335,2615,
336,336,336,
337,337,337,
338,338,3879,
339,339,2775,
340,340,3561,
341,341,341,
342,342,342,
343,343,343,
344,344,344,
345,345,345,
346,346,346,
347,347,347,
348,348,348,
349,349,349,
350,350,350,
351,351,3421,
352,352,352,
353,353,353,
354,354,354,
355,355,2767,
356,356,356,
357,357,357,
358,358,358,
359,359,359,
360,360,360,
361,361,361,
362,362,362,
363,363,2767,
364,364,364,
365,365,2615,
366,366,366,
367,367,2615,
368,368,368,
369,369,369,
370,370,370,
371,371,371,
372,372,372,
373,373,373,
374,374,374,
375,375,375,
376,376,376,
377,377,377,
378,378,378,
379,379,2767,
380,380,380,
381,381,3421,
382,382,2783,
383,383,3888,
384,384,384,
385,385,3941,
386,386,3549,
387,387,3894,
388,388,388,
389,389,2615,
390,390,390,
391,391,391,
392,392,392,
393,393,393,
394,394,394,
395,395,395,
396,396,396,
397,397,3549,
398,398,398,
399,399,3941,
400,400,400,
401,401,3896,
402,402,3421,
403,403,3897,
404,404,4065,
405,405,405,
406,406,406,
407,407,407,
408,408,408,
409,409,409,
410,410,410,
411,411,411,
412,412,412,
413,413,413,
414,414,414,
415,415,415,
416,416,416,
417,417,3402,
418,418,418,
419,419,419,
420,420,3898,
421,421,421,
422,422,2767,
423,423,423,
424,424,424,
425,425,425,
426,426,426,
427,427,427,
428,428,2767,
429,429,429,
430,430,430,
431,431,431,
432,432,432,
433,433,2830,
434,434,434,
435,435,435,
436,436,436,
437,437,2767,
438,438,3905,
439,439,439,
440,440,440,
441,441,4060,
442,442,3561,
443,443,3909,
444,444,444,
445,445,445,
446,446,446,
447,447,447,
448,448,3549,
449,449,449,
450,450,3518,
451,451,451,
452,452,3285,
453,453,453,
454,454,2843,
455,455,455,
456,456,3734,
457,457,457,
458,458,458,
459,459,459,
460,460,460,
461,461,461,
462,462,462,
463,463,463,
464,464,2848,
465,465,465,
466,466,466,
467,467,467,
468,468,468,
469,469,469,
470,470,470,
471,471,471,
472,472,2850,
473,473,2767,
474,474,474,
475,475,475,
476,476,476,
477,477,2615,
478,478,2615,
479,479,479,
480,480,4083,
481,481,481,
482,482,2851,
483,483,483,
484,484,3402,
485,485,2615,
486,486,486,
487,487,2852,
488,488,488,
489,489,489,
490,490,490,
491,491,491,
492,492,492,
493,493,493,
494,494,3915,
495,495,3734,
496,496,496,
497,497,497,
498,498,498,
499,499,499,
500,500,500,
501,501,501,
502,502,502,
503,503,503,
504,504,504,
505,505,505,
506,506,506,
507,507,507,
508,508,508,
509,509,509,
510,510,510,
511,511,511,
512,512,2767,
513,513,2860,
514,514,514,
515,515,515,
516,516,2617,
517,517,517,
518,518,2862,
519,519,3248,
520,520,520,
521,521,521,
522,522,2767,
523,523,523,
524,524,3402,
525,525,525,
526,526,526,
527,527,2900,
528,528,2615,
529,529,3421,
530,530,530,
531,531,2767,
532,532,532,
533,533,533,
534,534,3543,
535,535,2931,
536,536,536,
537,537,537,
538,538,538,
539,539,2941,
540,540,540,
541,541,2947,
542,542,542,
543,543,543,
544,544,544,
545,545,545,
546,546,546,
547,547,547,
548,548,548,
549,549,549,
550,550,550,
551,551,551,
552,552,552,
553,553,553,
554,554,3921,
555,555,555,
556,556,556,
557,557,557,
558,558,558,
559,559,559,
560,560,560,
561,561,4083,
562,562,562,
563,563,3402,
564,564,564,
565,565,2753,
566,566,566,
567,567,3691,
568,568,568,
569,569,2954,
570,570,3922,
571,571,571,
572,572,572,
573,573,573,
574,574,3313,
575,575,575,
576,576,576,
577,577,4065,
578,578,578,
579,579,579,
580,580,3932,
581,581,581,
582,582,582,
583,583,2955,
584,584,584,
585,585,3549,
586,586,3934,
587,587,587,
588,588,588,
589,589,589,
590,590,590,
591,591,3852,
592,592,592,
593,593,593,
594,594,2579,
595,595,595,
596,596,596,
597,597,597,
598,598,598,
599,599,599,
600,600,600,
601,601,3941,
602,602,2848,
603,603,603,
604,604,604,
605,605,2931,
606,606,606,
607,607,607,
608,608,608,
609,609,609,
610,610,3421,
611,611,3945,
612,612,612,
613,613,613,
614,614,2767,
615,615,615,
616,616,616,
617,617,3561,
618,618,618,
619,619,2615,
620,620,620,
621,621,621,
622,622,622,
623,623,3071,
624,624,624,
625,625,625,
626,626,626,
627,627,627,
628,628,628,
629,629,2931,
630,630,630,
631,631,631,
632,632,632,
633,633,633,
634,634,634,
635,635,635,
636,636,2615,
637,637,637,
638,638,638,
639,639,639,
640,640,640,
641,641,641,
642,642,642,
643,643,643,
644,644,644,
645,645,645,
646,646,646,
647,647,647,
648,648,3518,
649,649,649,
650,650,650,
651,651,2581,
652,652,652,
653,653,653,
654,654,2615,
655,655,655,
656,656,656,
657,657,657,
658,658,658,
659,659,4166,
660,660,660,
661,661,661,
662,662,3087,
663,663,663,
664,664,664,
665,665,665,
666,666,666,
667,667,667,
668,668,668,
669,669,669,
670,670,3518,
671,671,671,
672,672,672,
673,673,673,
674,674,674,
675,675,675,
676,676,676,
677,677,677,
678,678,678,
679,679,2615,
680,680,680,
681,681,3959,
682,682,682,
683,683,3960,
684,684,684,
685,685,685,
686,686,686,
687,687,687,
688,688,688,
689,689,689,
690,690,690,
691,691,3518,
692,692,3101,
693,693,693,
694,694,694,
695,695,695,
696,696,696,
697,697,697,
698,698,698,
699,699,699,
700,700,700,
701,701,3425,
702,702,702,
703,703,703,
704,704,3104,
705,705,705,
706,706,706,
707,707,707,
708,708,2767,
709,709,709,
710,710,710,
711,711,711,
712,712,712,
713,713,3239,
714,714,714,
715,715,2615,
716,716,716,
717,717,717,
718,718,718,
719,719,3113,
720,720,720,
721,721,721,
722,722,722,
723,723,723,
724,724,724,
725,725,725,
726,726,726,
727,727,727,
728,728,728,
729,729,729,
730,730,730,
731,731,731,
732,732,732,
733,733,733,
734,734,734,
735,735,735,
736,736,736,
737,737,737,
738,738,738,
739,739,739,
740,740,740,
741,741,741,
742,742,742,
743,743,743,
744,744,744,
745,745,745,
746,746,746,
747,747,3518,
748,748,748,
749,749,749,
750,750,750,
751,751,751,
752,752,752,
753,753,753,
754,754,754,
755,755,3518,
756,756,756,
757,757,757,
758,758,3122,
759,759,759,
760,760,760,
761,761,761,
762,762,762,
763,763,3402,
764,764,3125,
765,765,765,
766,766,766,
767,767,767,
768,768,768,
769,769,3963,
770,770,770,
771,771,3128,
772,772,772,
773,773,3402,
774,774,774,
775,775,775,
776,776,2848,
777,777,777,
778,778,778,
779,779,779,
780,780,780,
781,781,781,
782,782,782,
783,783,783,
784,784,784,
785,785,785,
786,786,786,
787,787,3130,
788,788,788,
789,789,789,
790,790,790,
791,791,791,
792,792,2848,
793,793,3402,
794,794,3970,
795,795,795,
796,796,796,
797,797,3941,
798,798,798,
799,799,3971,
800,800,800,
801,801,801,
802,802,3159,
803,803,2767,
804,804,3159,
805,805,805,
806,806,806,
807,807,807,
808,808,808,
809,809,809,
810,810,3101,
811,811,811,
812,812,3972,
813,813,3973,
814,814,814,
815,815,3974,
816,816,816,
817,817,3549,
818,818,2848,
819,819,819,
820,820,820,
821,821,821,
822,822,822,
823,823,823,
824,824,824,
825,825,3978,
826,826,826,
827,827,827,
828,828,828,
829,829,829,
830,830,830,
831,831,831,
832,832,4065,
833,833,833,
834,834,834,
835,835,3236,
836,836,836,
837,837,837,
838,838,838,
839,839,839,
840,840,840,
841,841,841,
842,842,842,
843,843,843,
844,844,844,
845,845,845,
846,846,846,
847,847,847,
848,848,848,
849,849,849,
850,850,3236,
851,851,3161,
852,852,3981,
853,853,853,
854,854,854,
855,855,3162,
856,856,856,
857,857,857,
858,858,858,
859,859,3549,
860,860,860,
861,861,861,
862,862,3236,
863,863,863,
864,864,864,
865,865,865,
866,866,866,
867,867,3983,
868,868,868,
869,869,869,
870,870,870,
871,871,871,
872,872,872,
873,873,873,
874,874,874,
875,875,875,
876,876,876,
877,877,877,
878,878,878,
879,879,879,
880,880,880,
881,881,881,
882,882,882,
883,883,883,
884,884,884,
885,885,885,
886,886,886,
887,887,887,
888,888,2767,
889,889,3832,
890,890,890,
891,891,891,
892,892,3549,
893,893,893,
894,894,894,
895,895,895,
896,896,2615,
897,897,897,
898,898,898,
899,899,899,
900,900,900,
901,901,901,
902,902,3248,
903,903,2615,
904,904,904,
905,905,905,
906,906,2615,
907,907,2767,
908,908,908,
909,909,909,
910,910,910,
911,911,3561,
912,912,912,
913,913,2590,
914,914,914,
915,915,915,
916,916,916,
917,917,917,
918,918,918,
919,919,919,
920,920,920,
921,921,921,
922,922,922,
923,923,3176,
924,924,924,
925,925,925,
926,926,926,
927,927,927,
928,928,928,
929,929,929,
930,930,930,
931,931,931,
932,932,932,
933,933,2615,
934,934,934,
935,935,935,
936,936,936,
937,937,937,
938,938,938,
939,939,939,
940,940,940,
941,941,941,
942,942,942,
943,943,943,
944,944,944,
945,945,945,
946,946,946,
947,947,947,
948,948,948,
949,949,949,
950,950,950,
951,951,3421,
952,952,952,
953,953,953,
954,954,3905,
955,955,955,
956,956,3183,
957,957,957,
958,958,958,
959,959,959,
960,960,3988,
961,961,961,
962,962,3421,
963,963,963,
964,964,3190,
965,965,965,
966,966,966,
967,967,967,
968,968,968,
969,969,969,
970,970,970,
971,971,971,
972,972,972,
973,973,3421,
974,974,974,
975,975,3905,
976,976,976,
977,977,977,
978,978,978,
979,979,979,
980,980,980,
981,981,981,
982,982,3402,
983,983,2767,
984,984,984,
985,985,985,
986,986,986,
987,987,3210,
988,988,988,
989,989,3239,
990,990,3989,
991,991,3231,
992,992,3793,
993,993,993,
994,994,3236,
995,995,995,
996,996,996,
997,997,997,
998,998,998,
999,999,999,
1000,1000,1000,
1001,1001,1001,
1002,1002,1002,
1003,1003,3990,
1004,1004,1004,
1005,1005,1005,
1006,1006,1006,
1007,1007,1007,
1008,1008,1008,
1009,1009,1009,
1010,1010,1010,
1011,1011,1011,
1012,1012,3992,
1013,1013,1013,
1014,1014,1014,
1015,1015,1015,
1016,1016,1016,
1017,1017,2848,
1018,1018,1018,
1019,1019,1019,
1020,1020,1020,
1021,1021,1021,
1022,1022,3421,
1023,1023,1023,
1024,1024,1024,
1025,1025,1025,
1026,1026,1026,
1027,1027,1027,
1028,1028,1028,
1029,1029,1029,
1030,1030,1030,
1031,1031,1031,
1032,1032,1032,
1033,1033,1033,
1034,1034,1034,
1035,1035,1035,
1036,1036,3421,
1037,1037,1037,
1038,1038,1038,
1039,1039,1039,
1040,1040,1040,
1041,1041,1041,
1042,1042,3239,
1043,1043,1043,
1044,1044,3402,
1045,1045,1045,
1046,1046,1046,
1047,1047,1047,
1048,1048,1048,
1049,1049,1049,
1050,1050,1050,
1051,1051,1051,
1052,1052,3941,
1053,1053,1053,
1054,1054,1054,
1055,1055,1055,
1056,1056,1056,
1057,1057,1057,
1058,1058,1058,
1059,1059,3996,
1060,1060,1060,
1061,1061,1061,
1062,1062,1062,
1063,1063,1063,
1064,1064,1064,
1065,1065,3421,
1066,1066,3248,
1067,1067,1067,
1068,1068,2767,
1069,1069,2931,
1070,1070,3997,
1071,1071,1071,
1072,1072,1072,
1073,1073,3263,
1074,1074,3402,
1075,1075,1075,
1076,1076,1076,
1077,1077,3734,
1078,1078,3421,
1079,1079,1079,
1080,1080,2767,
1081,1081,1081,
1082,1082,3998,
1083,1083,1083,
1084,1084,1084,
1085,1085,1085,
1086,1086,3421,
1087,1087,3272,
1088,1088,1088,
1089,1089,2767,
1090,1090,1090,
1091,1091,1091,
1092,1092,1092,
1093,1093,1093,
1094,1094,1094,
1095,1095,1095,
1096,1096,1096,
1097,1097,1097,
1098,1098,1098,
1099,1099,1099,
1100,1100,1100,
1101,1101,1101,
1102,1102,1102,
1103,1103,1103,
1104,1104,1104,
1105,1105,1105,
1106,1106,1106,
1107,1107,3421,
1108,1108,1108,
1109,1109,2767,
1110,1110,1110,
1111,1111,1111,
1112,1112,1112,
1113,1113,1113,
1114,1114,3333,
1115,1115,3549,
1116,1116,1116,
1117,1117,1117,
1118,1118,1118,
1119,1119,3285,
1120,1120,1120,
1121,1121,1121,
1122,1122,1122,
1123,1123,1123,
1124,1124,1124,
1125,1125,1125,
1126,1126,1126,
1127,1127,1127,
1128,1128,4001,
1129,1129,1129,
1130,1130,1130,
1131,1131,3287,
1132,1132,1132,
1133,1133,1133,
1134,1134,1134,
1135,1135,1135,
1136,1136,1136,
1137,1137,2767,
1138,1138,1138,
1139,1139,1139,
1140,1140,1140,
1141,1141,1141,
1142,1142,1142,
1143,1143,1143,
1144,1144,1144,
1145,1145,1145,
1146,1146,1146,
1147,1147,1147,
1148,1148,3905,
1149,1149,1149,
1150,1150,3793,
1151,1151,3421,
1152,1152,1152,
1153,1153,1153,
1154,1154,1154,
1155,1155,3290,
1156,1156,1156,
1157,1157,1157,
1158,1158,1158,
1159,1159,1159,
1160,1160,1160,
1161,1161,1161,
1162,1162,1162,
1163,1163,1163,
1164,1164,1164,
1165,1165,1165,
1166,1166,3190,
1167,1167,1167,
1168,1168,1168,
1169,1169,1169,
1170,1170,3905,
1171,1171,1171,
1172,1172,1172,
1173,1173,2767,
1174,1174,1174,
1175,1175,3518,
1176,1176,3421,
1177,1177,3304,
1178,1178,1178,
1179,1179,1179,
1180,1180,3307,
1181,1181,1181,
1182,1182,2753,
1183,1183,1183,
1184,1184,1184,
1185,1185,3941,
1186,1186,1186,
1187,1187,3879,
1188,1188,4002,
1189,1189,1189,
1190,1190,1190,
1191,1191,2860,
1192,1192,1192,
1193,1193,1193,
1194,1194,3313,
1195,1195,1195,
1196,1196,1196,
1197,1197,1197,
1198,1198,1198,
1199,1199,1199,
1200,1200,1200,
1201,1201,3793,
1202,1202,1202,
1203,1203,1203,
1204,1204,1204,
1205,1205,1205,
1206,1206,3734,
1207,1207,2862,
1208,1208,1208,
1209,1209,1209,
1210,1210,3421,
1211,1211,1211,
1212,1212,3325,
1213,1213,1213,
1214,1214,3561,
1215,1215,1215,
1216,1216,1216,
1217,1217,1217,
1218,1218,1218,
1219,1219,3421,
1220,1220,1220,
1221,1221,1221,
1222,1222,1222,
1223,1223,1223,
1224,1224,1224,
1225,1225,1225,
1226,1226,1226,
1227,1227,1227,
1228,1228,1228,
1229,1229,1229,
1230,1230,1230,
1231,1231,1231,
1232,1232,1232,
1233,1233,1233,
1234,1234,1234,
1235,1235,3421,
1236,1236,1236,
1237,1237,3691,
1238,1238,1238,
1239,1239,1239,
1240,1240,1240,
1241,1241,3402,
1242,1242,1242,
1243,1243,1243,
1244,1244,1244,
1245,1245,1245,
1246,1246,1246,
1247,1247,1247,
1248,1248,3421,
1249,1249,1249,
1250,1250,2615,
1251,1251,1251,
1252,1252,1252,
1253,1253,1253,
1254,1254,1254,
1255,1255,1255,
1256,1256,1256,
1257,1257,1257,
1258,1258,1258,
1259,1259,1259,
1260,1260,1260,
1261,1261,1261,
1262,1262,1262,
1263,1263,1263,
1264,1264,1264,
1265,1265,1265,
1266,1266,1266,
1267,1267,1267,
1268,1268,1268,
1269,1269,3362,
1270,1270,1270,
1271,1271,1271,
1272,1272,3518,
1273,1273,4006,
1274,1274,1274,
1275,1275,1275,
1276,1276,2615,
1277,1277,1277,
1278,1278,1278,
1279,1279,1279,
1280,1280,1280,
1281,1281,1281,
1282,1282,3518,
1283,1283,1283,
1284,1284,1284,
1285,1285,1285,
1286,1286,3402,
1287,1287,3381,
1288,1288,1288,
1289,1289,1289,
1290,1290,3382,
1291,1291,4008,
1292,1292,1292,
1293,1293,1293,
1294,1294,1294,
1295,1295,1295,
1296,1296,1296,
1297,1297,1297,
1298,1298,1298,
1299,1299,1299,
1300,1300,1300,
1301,1301,3561,
1302,1302,1302,
1303,1303,3183,
1304,1304,1304,
1305,1305,1305,
1306,1306,1306,
1307,1307,1307,
1308,1308,4009,
1309,1309,1309,
1310,1310,1310,
1311,1311,1311,
1312,1312,1312,
1313,1313,2767,
1314,1314,1314,
1315,1315,1315,
1316,1316,4010,
1317,1317,1317,
1318,1318,1318,
1319,1319,3190,
1320,1320,1320,
1321,1321,1321,
1322,1322,1322,
1323,1323,1323,
1324,1324,1324,
1325,1325,3400,
1326,1326,1326,
1327,1327,1327,
1328,1328,1328,
1329,1329,2848,
1330,1330,1330,
1331,1331,1331,
1332,1332,1332,
1333,1333,4013,
1334,1334,1334,
1335,1335,1335,
1336,1336,1336,
1337,1337,3549,
1338,1338,1338,
1339,1339,1339,
1340,1340,1340,
1341,1341,3402,
1342,1342,1342,
1343,1343,1343,
1344,1344,1344,
1345,1345,3421,
1346,1346,1346,
1347,1347,1347,
1348,1348,1348,
1349,1349,1349,
1350,1350,3941,
1351,1351,1351,
1352,1352,3402,
1353,1353,1353,
1354,1354,1354,
1355,1355,1355,
1356,1356,1356,
1357,1357,1357,
1358,1358,1358,
1359,1359,1359,
1360,1360,1360,
1361,1361,3549,
1362,1362,1362,
1363,1363,2615,
1364,1364,1364,
1365,1365,1365,
1366,1366,2848,
1367,1367,1367,
1368,1368,1368,
1369,1369,1369,
1370,1370,1370,
1371,1371,1371,
1372,1372,1372,
1373,1373,3402,
1374,1374,1374,
1375,1375,1375,
1376,1376,1376,
1377,1377,1377,
1378,1378,1378,
1379,1379,1379,
1380,1380,3852,
1381,1381,1381,
1382,1382,1382,
1383,1383,1383,
1384,1384,1384,
1385,1385,1385,
1386,1386,1386,
1387,1387,1387,
1388,1388,3941,
1389,1389,1389,
1390,1390,1390,
1391,1391,1391,
1392,1392,1392,
1393,1393,1393,
1394,1394,3402,
1395,1395,1395,
1396,1396,1396,
1397,1397,1397,
1398,1398,1398,
1399,1399,2581,
1400,1400,4018,
1401,1401,1401,
1402,1402,1402,
1403,1403,3905,
1404,1404,3421,
1405,1405,1405,
1406,1406,1406,
1407,1407,1407,
1408,1408,1408,
1409,1409,1409,
1410,1410,1410,
1411,1411,4019,
1412,1412,1412,
1413,1413,2767,
1414,1414,1414,
1415,1415,1415,
1416,1416,3423,
1417,1417,1417,
1418,1418,1418,
1419,1419,1419,
1420,1420,1420,
1421,1421,1421,
1422,1422,1422,
1423,1423,2931,
1424,1424,1424,
1425,1425,1425,
1426,1426,1426,
1427,1427,1427,
1428,1428,1428,
1429,1429,3425,
1430,1430,1430,
1431,1431,1431,
1432,1432,1432,
1433,1433,1433,
1434,1434,4021,
1435,1435,2767,
1436,1436,1436,
1437,1437,1437,
1438,1438,1438,
1439,1439,3427,
1440,1440,1440,
1441,1441,1441,
1442,1442,1442,
1443,1443,2653,
1444,1444,1444,
1445,1445,1445,
1446,1446,1446,
1447,1447,1447,
1448,1448,1448,
1449,1449,1449,
1450,1450,1450,
1451,1451,1451,
1452,1452,1452,
1453,1453,3428,
1454,1454,1454,
1455,1455,1455,
1456,1456,1456,
1457,1457,1457,
1458,1458,1458,
1459,1459,1459,
1460,1460,1460,
1461,1461,1461,
1462,1462,1462,
1463,1463,1463,
1464,1464,1464,
1465,1465,2615,
1466,1466,1466,
1467,1467,1467,
1468,1468,1468,
1469,1469,3402,
1470,1470,1470,
1471,1471,1471,
1472,1472,1472,
1473,1473,2615,
1474,1474,1474,
1475,1475,1475,
1476,1476,1476,
1477,1477,1477,
1478,1478,1478,
1479,1479,1479,
1480,1480,1480,
1481,1481,3437,
1482,1482,1482,
1483,1483,1483,
1484,1484,1484,
1485,1485,1485,
1486,1486,1486,
1487,1487,3402,
1488,1488,1488,
1489,1489,2767,
1490,1490,1490,
1491,1491,1491,
1492,1492,1492,
1493,1493,1493,
1494,1494,1494,
1495,1495,1495,
1496,1496,1496,
1497,1497,3905,
1498,1498,1498,
1499,1499,1499,
1500,1500,1500,
1501,1501,2848,
1502,1502,1502,
1503,1503,1503,
1504,1504,2848,
1505,1505,1505,
1506,1506,1506,
1507,1507,1507,
1508,1508,3941,
1509,1509,1509,
1510,1510,1510,
1511,1511,1511,
1512,1512,1512,
1513,1513,1513,
1514,1514,1514,
1515,1515,1515,
1516,1516,3402,
1517,1517,1517,
1518,1518,3941,
1519,1519,1519,
1520,1520,2955,
1521,1521,1521,
1522,1522,1522,
1523,1523,1523,
1524,1524,1524,
1525,1525,3932,
1526,1526,1526,
1527,1527,2767,
1528,1528,3518,
1529,1529,3458,
1530,1530,1530,
1531,1531,1531,
1532,1532,1532,
1533,1533,1533,
1534,1534,1534,
1535,1535,1535,
1536,1536,1536,
1537,1537,1537,
1538,1538,2615,
1539,1539,1539,
1540,1540,1540,
1541,1541,1541,
1542,1542,2767,
1543,1543,1543,
1544,1544,1544,
1545,1545,3459,
1546,1546,3460,
1547,1547,1547,
1548,1548,1548,
1549,1549,4128,
1550,1550,1550,
1551,1551,1551,
1552,1552,1552,
1553,1553,3461,
1554,1554,1554,
1555,1555,1555,
1556,1556,1556,
1557,1557,1557,
1558,1558,4036,
1559,1559,1559,
1560,1560,1560,
1561,1561,1561,
1562,1562,1562,
1563,1563,4037,
1564,1564,3463,
1565,1565,1565,
1566,1566,1566,
1567,1567,1567,
1568,1568,1568,
1569,1569,1569,
1570,1570,1570,
1571,1571,1571,
1572,1572,1572,
1573,1573,1573,
1574,1574,1574,
1575,1575,1575,
1576,1576,1576,
1577,1577,2941,
1578,1578,1578,
1579,1579,1579,
1580,1580,1580,
1581,1581,4038,
1582,1582,1582,
1583,1583,4040,
1584,1584,1584,
1585,1585,1585,
1586,1586,3518,
1587,1587,1587,
1588,1588,1588,
1589,1589,1589,
1590,1590,2767,
1591,1591,1591,
1592,1592,3518,
1593,1593,1593,
1594,1594,1594,
1595,1595,2767,
1596,1596,1596,
1597,1597,1597,
1598,1598,1598,
1599,1599,1599,
1600,1600,1600,
1601,1601,1601,
1602,1602,1602,
1603,1603,3518,
1604,1604,1604,
1605,1605,1605,
1606,1606,1606,
1607,1607,1607,
1608,1608,1608,
1609,1609,1609,
1610,1610,1610,
1611,1611,1611,
1612,1612,1612,
1613,1613,4042,
1614,1614,1614,
1615,1615,4046,
1616,1616,3499,
1617,1617,1617,
1618,1618,1618,
1619,1619,1619,
1620,1620,1620,
1621,1621,1621,
1622,1622,1622,
1623,1623,1623,
1624,1624,1624,
1625,1625,1625,
1626,1626,1626,
1627,1627,1627,
1628,1628,2615,
1629,1629,1629,
1630,1630,3500,
1631,1631,1631,
1632,1632,1632,
1633,1633,1633,
1634,1634,3501,
1635,1635,1635,
1636,1636,1636,
1637,1637,1637,
1638,1638,1638,
1639,1639,1639,
1640,1640,2767,
1641,1641,1641,
1642,1642,1642,
1643,1643,3518,
1644,1644,1644,
1645,1645,1645,
1646,1646,1646,
1647,1647,3561,
1648,1648,1648,
1649,1649,1649,
1650,1650,1650,
1651,1651,1651,
1652,1652,1652,
1653,1653,1653,
1654,1654,2615,
1655,1655,3517,
1656,1656,1656,
1657,1657,4051,
1658,1658,1658,
1659,1659,1659,
1660,1660,3518,
1661,1661,1661,
1662,1662,1662,
1663,1663,1663,
1664,1664,1664,
1665,1665,1665,
1666,1666,1666,
1667,1667,1667,
1668,1668,1668,
1669,1669,1669,
1670,1670,1670,
1671,1671,2767,
1672,1672,2767,
1673,1673,1673,
1674,1674,1674,
1675,1675,1675,
1676,1676,1676,
1677,1677,2617,
1678,1678,1678,
1679,1679,1679,
1680,1680,4053,
1681,1681,1681,
1682,1682,1682,
1683,1683,1683,
1684,1684,1684,
1685,1685,4054,
1686,1686,2931,
1687,1687,1687,
1688,1688,1688,
1689,1689,1689,
1690,1690,1690,
1691,1691,1691,
1692,1692,3561,
1693,1693,3561,
1694,1694,1694,
1695,1695,1695,
1696,1696,1696,
1697,1697,1697,
1698,1698,1698,
1699,1699,1699,
1700,1700,2860,
1701,1701,1701,
1702,1702,3421,
1703,1703,1703,
1704,1704,1704,
1705,1705,1705,
1706,1706,2615,
1707,1707,1707,
1708,1708,3541,
1709,1709,1709,
1710,1710,1710,
1711,1711,1711,
1712,1712,3421,
1713,1713,1713,
1714,1714,1714,
1715,1715,1715,
1716,1716,1716,
1717,1717,1717,
1718,1718,1718,
1719,1719,1719,
1720,1720,2615,
1721,1721,1721,
1722,1722,1722,
1723,1723,1723,
1724,1724,1724,
1725,1725,4059,
1726,1726,1726,
1727,1727,2753,
1728,1728,2767,
1729,1729,1729,
1730,1730,3542,
1731,1731,3543,
1732,1732,1732,
1733,1733,3248,
1734,1734,1734,
1735,1735,1735,
1736,1736,2579,
1737,1737,1737,
1738,1738,1738,
1739,1739,1739,
1740,1740,3285,
1741,1741,1741,
1742,1742,1742,
1743,1743,1743,
1744,1744,2615,
1745,1745,1745,
1746,1746,1746,
1747,1747,1747,
1748,1748,1748,
1749,1749,1749,
1750,1750,4060,
1751,1751,2615,
1752,1752,1752,
1753,1753,1753,
1754,1754,1754,
1755,1755,1755,
1756,1756,1756,
1757,1757,1757,
1758,1758,3941,
1759,1759,1759,
1760,1760,3549,
1761,1761,4063,
1762,1762,1762,
1763,1763,1763,
1764,1764,1764,
1765,1765,1765,
1766,1766,1766,
1767,1767,1767,
1768,1768,1768,
1769,1769,1769,
1770,1770,1770,
1771,1771,3551,
1772,1772,2767,
1773,1773,1773,
1774,1774,1774,
1775,1775,1775,
1776,1776,1776,
1777,1777,1777,
1778,1778,3421,
1779,1779,3556,
1780,1780,1780,
1781,1781,4065,
1782,1782,1782,
1783,1783,1783,
1784,1784,1784,
1785,1785,1785,
1786,1786,1786,
1787,1787,1787,
1788,1788,3557,
1789,1789,3852,
1790,1790,1790,
1791,1791,4067,
1792,1792,1792,
1793,1793,1793,
1794,1794,1794,
1795,1795,1795,
1796,1796,4068,
1797,1797,1797,
1798,1798,1798,
1799,1799,2615,
1800,1800,1800,
1801,1801,1801,
1802,1802,3558,
1803,1803,3559,
1804,1804,1804,
1805,1805,1805,
1806,1806,2615,
1807,1807,1807,
1808,1808,1808,
1809,1809,1809,
1810,1810,1810,
1811,1811,1811,
1812,1812,1812,
1813,1813,3561,
1814,1814,3549,
1815,1815,1815,
1816,1816,3562,
1817,1817,1817,
1818,1818,1818,
1819,1819,1819,
1820,1820,1820,
1821,1821,1821,
1822,1822,1822,
1823,1823,1823,
1824,1824,1824,
1825,1825,1825,
1826,1826,1826,
1827,1827,1827,
1828,1828,4074,
1829,1829,1829,
1830,1830,1830,
1831,1831,1831,
1832,1832,1832,
1833,1833,1833,
1834,1834,2850,
1835,1835,1835,
1836,1836,2615,
1837,1837,1837,
1838,1838,4076,
1839,1839,1839,
1840,1840,4083,
1841,1841,1841,
1842,1842,1842,
1843,1843,2615,
1844,1844,3565,
1845,1845,1845,
1846,1846,3402,
1847,1847,1847,
1848,1848,1848,
1849,1849,1849,
1850,1850,1850,
1851,1851,1851,
1852,1852,3567,
1853,1853,1853,
1854,1854,4096,
1855,1855,1855,
1856,1856,1856,
1857,1857,1857,
1858,1858,1858,
1859,1859,1859,
1860,1860,1860,
1861,1861,3570,
1862,1862,1862,
1863,1863,1863,
1864,1864,1864,
1865,1865,1865,
1866,1866,1866,
1867,1867,1867,
1868,1868,1868,
1869,1869,1869,
1870,1870,1870,
1871,1871,2615,
1872,1872,1872,
1873,1873,1873,
1874,1874,1874,
1875,1875,1875,
1876,1876,2767,
1877,1877,3573,
1878,1878,1878,
1879,1879,2615,
1880,1880,3574,
1881,1881,1881,
1882,1882,1882,
1883,1883,1883,
1884,1884,1884,
1885,1885,1885,
1886,1886,4099,
1887,1887,1887,
1888,1888,3561,
1889,1889,1889,
1890,1890,1890,
1891,1891,1891,
1892,1892,1892,
1893,1893,1893,
1894,1894,1894,
1895,1895,1895,
1896,1896,1896,
1897,1897,4100,
1898,1898,1898,
1899,1899,3576,
1900,1900,1900,
1901,1901,2615,
1902,1902,1902,
1903,1903,1903,
1904,1904,1904,
1905,1905,1905,
1906,1906,1906,
1907,1907,1907,
1908,1908,1908,
1909,1909,1909,
1910,1910,1910,
1911,1911,2767,
1912,1912,1912,
1913,1913,1913,
1914,1914,1914,
1915,1915,1915,
1916,1916,1916,
1917,1917,3183,
1918,1918,3402,
1919,1919,1919,
1920,1920,1920,
1921,1921,3592,
1922,1922,4101,
1923,1923,1923,
1924,1924,1924,
1925,1925,1925,
1926,1926,1926,
1927,1927,1927,
1928,1928,1928,
1929,1929,1929,
1930,1930,1930,
1931,1931,1931,
1932,1932,1932,
1933,1933,1933,
1934,1934,1934,
1935,1935,1935,
1936,1936,1936,
1937,1937,1937,
1938,1938,1938,
1939,1939,1939,
1940,1940,1940,
1941,1941,1941,
1942,1942,1942,
1943,1943,1943,
1944,1944,1944,
1945,1945,3561,
1946,1946,1946,
1947,1947,3618,
1948,1948,1948,
1949,1949,1949,
1950,1950,1950,
1951,1951,3561,
1952,1952,1952,
1953,1953,1953,
1954,1954,1954,
1955,1955,1955,
1956,1956,1956,
1957,1957,1957,
1958,1958,3622,
1959,1959,1959,
1960,1960,1960,
1961,1961,1961,
1962,1962,1962,
1963,1963,1963,
1964,1964,1964,
1965,1965,1965,
1966,1966,2615,
1967,1967,1967,
1968,1968,1968,
1969,1969,1969,
1970,1970,1970,
1971,1971,1971,
1972,1972,1972,
1973,1973,3932,
1974,1974,1974,
1975,1975,1975,
1976,1976,3734,
1977,1977,1977,
1978,1978,1978,
1979,1979,1979,
1980,1980,3518,
1981,1981,1981,
1982,1982,1982,
1983,1983,2931,
1984,1984,1984,
1985,1985,2941,
1986,1986,1986,
1987,1987,1987,
1988,1988,1988,
1989,1989,1989,
1990,1990,3637,
1991,1991,1991,
1992,1992,1992,
1993,1993,1993,
1994,1994,1994,
1995,1995,1995,
1996,1996,1996,
1997,1997,3638,
1998,1998,1998,
1999,1999,1999,
2000,2000,2000,
2001,2001,2001,
2002,2002,2002,
2003,2003,2003,
2004,2004,4106,
2005,2005,2005,
2006,2006,2006,
2007,2007,2007,
2008,2008,2008,
2009,2009,4107,
2010,2010,2010,
2011,2011,2011,
2012,2012,2012,
2013,2013,2013,
2014,2014,2615,
2015,2015,2015,
2016,2016,2016,
2017,2017,2017,
2018,2018,2018,
2019,2019,2848,
2020,2020,2020,
2021,2021,2021,
2022,2022,2022,
2023,2023,3518,
2024,2024,3648,
2025,2025,3879,
2026,2026,2026,
2027,2027,3518,
2028,2028,2028,
2029,2029,2029,
2030,2030,2030,
2031,2031,2031,
2032,2032,2032,
2033,2033,3518,
2034,2034,2034,
2035,2035,3941,
2036,2036,4117,
2037,2037,2037,
2038,2038,3691,
2039,2039,2039,
2040,2040,2040,
2041,2041,2041,
2042,2042,2042,
2043,2043,3655,
2044,2044,2044,
2045,2045,2045,
2046,2046,2046,
2047,2047,2047,
2048,2048,3656,
2049,2049,2049,
2050,2050,2615,
2051,2051,2051,
2052,2052,2052,
2053,2053,2053,
2054,2054,3402,
2055,2055,2055,
2056,2056,2056,
2057,2057,2057,
2058,2058,2058,
2059,2059,4119,
2060,2060,2060,
2061,2061,2061,
2062,2062,2062,
2063,2063,2063,
2064,2064,2064,
2065,2065,2065,
2066,2066,2066,
2067,2067,3660,
2068,2068,2068,
2069,2069,3248,
2070,2070,2070,
2071,2071,2071,
2072,2072,2072,
2073,2073,2073,
2074,2074,2074,
2075,2075,2075,
2076,2076,2076,
2077,2077,2077,
2078,2078,2078,
2079,2079,2079,
2080,2080,2080,
2081,2081,2081,
2082,2082,2615,
2083,2083,2083,
2084,2084,2084,
2085,2085,2085,
2086,2086,2086,
2087,2087,4124,
2088,2088,2088,
2089,2089,2089,
2090,2090,2090,
2091,2091,2091,
2092,2092,2092,
2093,2093,3561,
2094,2094,2094,
2095,2095,2095,
2096,2096,2615,
2097,2097,2097,
2098,2098,2098,
2099,2099,2099,
2100,2100,2100,
2101,2101,2101,
2102,2102,2102,
2103,2103,2590,
2104,2104,2104,
2105,2105,2105,
2106,2106,2106,
2107,2107,2107,
2108,2108,2108,
2109,2109,2109,
2110,2110,2110,
2111,2111,2111,
2112,2112,2112,
2113,2113,2113,
2114,2114,2114,
2115,2115,2115,
2116,2116,2116,
2117,2117,2117,
2118,2118,2118,
2119,2119,3684,
2120,2120,2120,
2121,2121,2121,
2122,2122,3101,
2123,2123,4128,
2124,2124,2124,
2125,2125,2125,
2126,2126,3190,
2127,2127,2127,
2128,2128,2128,
2129,2129,3549,
2130,2130,2130,
2131,2131,2131,
2132,2132,2132,
2133,2133,2133,
2134,2134,2134,
2135,2135,2135,
2136,2136,2136,
2137,2137,2137,
2138,2138,2138,
2139,2139,2139,
2140,2140,2140,
2141,2141,2141,
2142,2142,2142,
2143,2143,2143,
2144,2144,2144,
2145,2145,2145,
2146,2146,2146,
2147,2147,3549,
2148,2148,2148,
2149,2149,2615,
2150,2150,2150,
2151,2151,2151,
2152,2152,4132,
2153,2153,4053,
2154,2154,2154,
2155,2155,3159,
2156,2156,2156,
2157,2157,3425,
2158,2158,2158,
2159,2159,4134,
2160,2160,2160,
2161,2161,2161,
2162,2162,2162,
2163,2163,2163,
2164,2164,4136,
2165,2165,2165,
2166,2166,3285,
2167,2167,2167,
2168,2168,2168,
2169,2169,3425,
2170,2170,2170,
2171,2171,2171,
2172,2172,2172,
2173,2173,2173,
2174,2174,2174,
2175,2175,3518,
2176,2176,4139,
2177,2177,4140,
2178,2178,2178,
2179,2179,2179,
2180,2180,2180,
2181,2181,2181,
2182,2182,2182,
2183,2183,2183,
2184,2184,2184,
2185,2185,2185,
2186,2186,2186,
2187,2187,2187,
2188,2188,3236,
2189,2189,2189,
2190,2190,4143,
2191,2191,2191,
2192,2192,3402,
2193,2193,2193,
2194,2194,2194,
2195,2195,2195,
2196,2196,3693,
2197,2197,2197,
2198,2198,2198,
2199,2199,2199,
2200,2200,2200,
2201,2201,2201,
2202,2202,3402,
2203,2203,2203,
2204,2204,2204,
2205,2205,2205,
2206,2206,2206,
2207,2207,2207,
2208,2208,2208,
2209,2209,3941,
2210,2210,2210,
2211,2211,2211,
2212,2212,2212,
2213,2213,2213,
2214,2214,2767,
2215,2215,3425,
2216,2216,2216,
2217,2217,2217,
2218,2218,2218,
2219,2219,2219,
2220,2220,2220,
2221,2221,2221,
2222,2222,3421,
2223,2223,2223,
2224,2224,2224,
2225,2225,2225,
2226,2226,2226,
2227,2227,2227,
2228,2228,3734,
2229,2229,2229,
2230,2230,2230,
2231,2231,2231,
2232,2232,3734,
2233,2233,2233,
2234,2234,2234,
2235,2235,2235,
2236,2236,2236,
2237,2237,2237,
2238,2238,2238,
2239,2239,2848,
2240,2240,3421,
2241,2241,2241,
2242,2242,2242,
2243,2243,2243,
2244,2244,2244,
2245,2245,3701,
2246,2246,2246,
2247,2247,4146,
2248,2248,2248,
2249,2249,2249,
2250,2250,2250,
2251,2251,2251,
2252,2252,3421,
2253,2253,2253,
2254,2254,2254,
2255,2255,2255,
2256,2256,2850,
2257,2257,3421,
2258,2258,2258,
2259,2259,2259,
2260,2260,3263,
2261,2261,2261,
2262,2262,2262,
2263,2263,3421,
2264,2264,2264,
2265,2265,2265,
2266,2266,2266,
2267,2267,2267,
2268,2268,2268,
2269,2269,2269,
2270,2270,3290,
2271,2271,2767,
2272,2272,2272,
2273,2273,2273,
2274,2274,2274,
2275,2275,2275,
2276,2276,2276,
2277,2277,2277,
2278,2278,2278,
2279,2279,3290,
2280,2280,2280,
2281,2281,2281,
2282,2282,2282,
2283,2283,2283,
2284,2284,2284,
2285,2285,2285,
2286,2286,3561,
2287,2287,2615,
2288,2288,2288,
2289,2289,2289,
2290,2290,3734,
2291,2291,2291,
2292,2292,2292,
2293,2293,2293,
2294,2294,2294,
2295,2295,3905,
2296,2296,2296,
2297,2297,2297,
2298,2298,3239,
2299,2299,2767,
2300,2300,2300,
2301,2301,2862,
2302,2302,2302,
2303,2303,2303,
2304,2304,2304,
2305,2305,2305,
2306,2306,2306,
2307,2307,2307,
2308,2308,2308,
2309,2309,2309,
2310,2310,2310,
2311,2311,2311,
2312,2312,2312,
2313,2313,2313,
2314,2314,2314,
2315,2315,2315,
2316,2316,2316,
2317,2317,3941,
2318,2318,2318,
2319,2319,2319,
2320,2320,2848,
2321,2321,3732,
2322,2322,2322,
2323,2323,2323,
2324,2324,2324,
2325,2325,2325,
2326,2326,3733,
2327,2327,2327,
2328,2328,2328,
2329,2329,3734,
2330,2330,2330,
2331,2331,2331,
2332,2332,2332,
2333,2333,2333,
2334,2334,3959,
2335,2335,2335,
2336,2336,2336,
2337,2337,3421,
2338,2338,4148,
2339,2339,2339,
2340,2340,2340,
2341,2341,2341,
2342,2342,2342,
2343,2343,2343,
2344,2344,2344,
2345,2345,2767,
2346,2346,2346,
2347,2347,2347,
2348,2348,3737,
2349,2349,2941,
2350,2350,4155,
2351,2351,2351,
2352,2352,2352,
2353,2353,2353,
2354,2354,2354,
2355,2355,2355,
2356,2356,2356,
2357,2357,3402,
2358,2358,2358,
2359,2359,3421,
2360,2360,2360,
2361,2361,2361,
2362,2362,2362,
2363,2363,2363,
2364,2364,2364,
2365,2365,3421,
2366,2366,2366,
2367,2367,3739,
2368,2368,3421,
2369,2369,2369,
2370,2370,3518,
2371,2371,2371,
2372,2372,2372,
2373,2373,2373,
2374,2374,3190,
2375,2375,2375,
2376,2376,2376,
2377,2377,2377,
2378,2378,2378,
2379,2379,2379,
2380,2380,2380,
2381,2381,2381,
2382,2382,2382,
2383,2383,2383,
2384,2384,2384,
2385,2385,2385,
2386,2386,2386,
2387,2387,2387,
2388,2388,3691,
2389,2389,3421,
2390,2390,2390,
2391,2391,2391,
2392,2392,2392,
2393,2393,3421,
2394,2394,2394,
2395,2395,2395,
2396,2396,3421,
2397,2397,2397,
2398,2398,2767,
2399,2399,2399,
2400,2400,2400,
2401,2401,2401,
2402,2402,2402,
2403,2403,2403,
2404,2404,2404,
2405,2405,3402,
2406,2406,2406,
2407,2407,2407,
2408,2408,2408,
2409,2409,2409,
2410,2410,2410,
2411,2411,2411,
2412,2412,2412,
2413,2413,3804,
2414,2414,3402,
2415,2415,2415,
2416,2416,2416,
2417,2417,2417,
2418,2418,3959,
2419,2419,2419,
2420,2420,2420,
2421,2421,2421,
2422,2422,2422,
2423,2423,2423,
2424,2424,3805,
2425,2425,2425,
2426,2426,4157,
2427,2427,2767,
2428,2428,2428,
2429,2429,2429,
2430,2430,2430,
2431,2431,3734,
2432,2432,2432,
2433,2433,2433,
2434,2434,2434,
2435,2435,3333,
2436,2436,3272,
2437,2437,2437,
2438,2438,2438,
2439,2439,2439,
2440,2440,2440,
2441,2441,2441,
2442,2442,2442,
2443,2443,2443,
2444,2444,2444,
2445,2445,2445,
2446,2446,2446,
2447,2447,2615,
2448,2448,2448,
2449,2449,3402,
2450,2450,2450,
2451,2451,2451,
2452,2452,2452,
2453,2453,2767,
2454,2454,2454,
2455,2455,2455,
2456,2456,2456,
2457,2457,2848,
2458,2458,2615,
2459,2459,4165,
2460,2460,2460,
2461,2461,2461,
2462,2462,2462,
2463,2463,2463,
2464,2464,2464,
2465,2465,2465,
2466,2466,2466,
2467,2467,2467,
2468,2468,2468,
2469,2469,2469,
2470,2470,2470,
2471,2471,3421,
2472,2472,2472,
2473,2473,2473,
2474,2474,2474,
2475,2475,3905,
2476,2476,3421,
2477,2477,4166,
2478,2478,2478,
2479,2479,2479,
2480,2480,2480,
2481,2481,3831,
2482,2482,2482,
2483,2483,3290,
2484,2484,3832,
2485,2485,2485,
2486,2486,2486,
2487,2487,2487,
2488,2488,2615,
2489,2489,2489,
2490,2490,2490,
2491,2491,3941,
2492,2492,2492,
2493,2493,3852,
2494,2494,2494,
2495,2495,2495,
2496,2496,2496,
2497,2497,2497,
2498,2498,3421,
2499,2499,3421,
2500,2500,3421,
2501,2501,3421,
2502,2502,2502,
2503,2503,2615,
2504,2504,2615,
2505,2505,2615,
2506,2506,2615,
2507,2507,2615,
2508,2508,2615,
2509,2509,2615,
2510,2510,2615,
2511,2511,2511,
2512,2512,2511,
2513,2513,2511,
2514,2514,2514,
2515,2515,3421,
2516,2516,3421,
2517,2517,3421,
2518,2518,3402,
2519,2519,3421,
2520,2520,2767,
2521,2521,3421,
2522,2522,3421,
2523,2523,3421,
2524,2524,3421,
2525,2525,3421,
2526,2526,3421,
2527,2527,3402,
2528,2528,3421,
2529,2529,3421,
2530,2530,3421,
2531,2531,3421,
2532,2532,3421,
2533,2533,3421,
2534,2534,3421,
2535,2535,3421,
2536,2536,3421,
2537,2537,3421,
2538,2538,3421,
2539,2539,3421,
2540,2540,3421,
2541,2541,3421,
2542,2542,3421,
2543,2543,3421,
2544,2544,3421,
2545,2545,3421,
2546,2546,3421,
2547,2547,3421,
2548,2548,3248,
2549,2549,3421,
2550,2550,3421,
2551,2551,3421,
2552,2552,3421,
2553,2553,3421,
2554,2554,3421,
2555,2555,3248,
2556,2556,3421,
2557,2557,3421,
2558,2558,3421,
2559,2559,3421,
2560,2560,3421,
2561,2561,3421,
2562,2562,3421,
2563,2563,3421,
2564,2564,3421,
2565,2565,3421,
2566,2566,3421,
2567,2567,3421,
2568,2568,3421,
2569,2569,3421,
2570,2570,3190,
2571,2571,3421,
2572,2572,3421,
2573,2573,3402,
2574,2574,3734,
2575,2575,3421,
2576,2576,3402,
2577,2577,3421,
2578,2578,3421,
2579,2579,2579,
2580,2580,2580,
2581,2581,2581,
2582,2582,2582,
2583,2583,2582,
2584,2584,2615,
2585,2585,3402,
2586,2586,2586,
2587,2587,2586,
2588,2588,2590,
2589,2589,2590,
2590,2590,2590,
2591,2591,2590,
2592,2592,3793,
2593,2593,3793,
2594,2594,3793,
2595,2595,3793,
2596,2596,3793,
2597,2597,3793,
2598,2598,3793,
2599,2599,3793,
2600,2600,2600,
2601,2601,2690,
2602,2602,2690,
2603,2603,2690,
2604,2604,2690,
2605,2605,2690,
2606,2606,2690,
2607,2607,2690,
2608,2608,2690,
2609,2609,2690,
2610,2610,3190,
2611,2611,3190,
2612,2612,2612,
2613,2613,3421,
2614,2614,2848,
2615,2615,2615,
2616,2616,2616,
2617,2617,2617,
2618,2618,3402,
2619,2619,3402,
2620,2620,3402,
2621,2621,3402,
2622,2622,3402,
2623,2623,3402,
2624,2624,3402,
2625,2625,3402,
2626,2626,3402,
2627,2627,3402,
2628,2628,3402,
2629,2629,3402,
2630,2630,3402,
2631,2631,3402,
2632,2632,3402,
2633,2633,3402,
2634,2634,3421,
2635,2635,3421,
2636,2636,3421,
2637,2637,3421,
2638,2638,3190,
2639,2639,3190,
2640,2640,3190,
2641,2641,2767,
2642,2642,2767,
2643,2643,2767,
2644,2644,2767,
2645,2645,2767,
2646,2646,2767,
2647,2647,3561,
2648,2648,3561,
2649,2649,3734,
2650,2650,3421,
2651,2651,3421,
2652,2652,3402,
2653,2653,2653,
2654,2654,2767,
2655,2655,2767,
2656,2656,2767,
2657,2657,3239,
2658,2658,3239,
2659,2659,3239,
2660,2660,3239,
2661,2661,3239,
2662,2662,3239,
2663,2663,3239,
2664,2664,3239,
2665,2665,3239,
2666,2666,3239,
2667,2667,3239,
2668,2668,3239,
2669,2669,3239,
2670,2670,3239,
2671,2671,3239,
2672,2672,3239,
2673,2673,3239,
2674,2674,3239,
2675,2675,3239,
2676,2676,3239,
2677,2677,3239,
2678,2678,3239,
2679,2679,3239,
2680,2680,3239,
2681,2681,3239,
2682,2682,3239,
2683,2683,3239,
2684,2684,3239,
2685,2685,3239,
2686,2686,2686,
2687,2687,2686,
2688,2688,2686,
2689,2689,2689,
2690,2690,2690,
2691,2691,2690,
2692,2692,2690,
2693,2693,2690,
2694,2694,2690,
2695,2695,2690,
2696,2696,2690,
2697,2697,2690,
2698,2698,2690,
2699,2699,2690,
2700,2700,2690,
2701,2701,2690,
2702,2702,2690,
2703,2703,2690,
2704,2704,2690,
2705,2705,2690,
2706,2706,2690,
2707,2707,2690,
2708,2708,2690,
2709,2709,2690,
2710,2710,2690,
2711,2711,2690,
2712,2712,2690,
2713,2713,2690,
2714,2714,2690,
2715,2715,2690,
2716,2716,2690,
2717,2717,2690,
2718,2718,2690,
2719,2719,2690,
2720,2720,2690,
2721,2721,2690,
2722,2722,2690,
2723,2723,2690,
2724,2724,2690,
2725,2725,2690,
2726,2726,2690,
2727,2727,2690,
2728,2728,2690,
2729,2729,2690,
2730,2730,2690,
2731,2731,2690,
2732,2732,2690,
2733,2733,2690,
2734,2734,2690,
2735,2735,2690,
2736,2736,2690,
2737,2737,3549,
2738,2738,2690,
2739,2739,2690,
2740,2740,2690,
2741,2741,2690,
2742,2742,2690,
2743,2743,2690,
2744,2744,2848,
2745,2745,3402,
2746,2746,2615,
2747,2747,2615,
2748,2748,2615,
2749,2749,2615,
2750,2750,2615,
2751,2751,2615,
2752,2752,2615,
2753,2753,2753,
2754,2754,2753,
2755,2755,2753,
2756,2756,2767,
2757,2757,2767,
2758,2758,2767,
2759,2759,2767,
2760,2760,3549,
2761,2761,2767,
2762,2762,2767,
2763,2763,2767,
2764,2764,3549,
2765,2765,3549,
2766,2766,2767,
2767,2767,2767,
2768,2768,3248,
2769,2769,3248,
2770,2770,3248,
2771,2771,3248,
2772,2772,3248,
2773,2773,3248,
2774,2774,2615,
2775,2775,2775,
2776,2776,3561,
2777,2777,2767,
2778,2778,2767,
2779,2779,2615,
2780,2780,2767,
2781,2781,3421,
2782,2782,3402,
2783,2783,2783,
2784,2784,3549,
2785,2785,3549,
2786,2786,3549,
2787,2787,3549,
2788,2788,3549,
2789,2789,3549,
2790,2790,3549,
2791,2791,3549,
2792,2792,3549,
2793,2793,3549,
2794,2794,3549,
2795,2795,3549,
2796,2796,3549,
2797,2797,3549,
2798,2798,3549,
2799,2799,3549,
2800,2800,3549,
2801,2801,3549,
2802,2802,3549,
2803,2803,3549,
2804,2804,3549,
2805,2805,3549,
2806,2806,3549,
2807,2807,3549,
2808,2808,3549,
2809,2809,3549,
2810,2810,3549,
2811,2811,3549,
2812,2812,3549,
2813,2813,3549,
2814,2814,3549,
2815,2815,3549,
2816,2816,3549,
2817,2817,3549,
2818,2818,3549,
2819,2819,3549,
2820,2820,3941,
2821,2821,3421,
2822,2822,3421,
2823,2823,3421,
2824,2824,3421,
2825,2825,4065,
2826,2826,3402,
2827,2827,3402,
2828,2828,3402,
2829,2829,2767,
2830,2830,2830,
2831,2831,3561,
2832,2832,3561,
2833,2833,3561,
2834,2834,3561,
2835,2835,3561,
2836,2836,3561,
2837,2837,3561,
2838,2838,3561,
2839,2839,3518,
2840,2840,3518,
2841,2841,3518,
2842,2842,3285,
2843,2843,2843,
2844,2844,3734,
2845,2845,3734,
2846,2846,3734,
2847,2847,3734,
2848,2848,2848,
2849,2849,2850,
2850,2850,2850,
2851,2851,2851,
2852,2852,2852,
2853,2853,2767,
2854,2854,2767,
2855,2855,2767,
2856,2856,2767,
2857,2857,2579,
2858,2858,2767,
2859,2859,2860,
2860,2860,2860,
2861,2861,2862,
2862,2862,2862,
2863,2863,2862,
2864,2864,2862,
2865,2865,3248,
2866,2866,3248,
2867,2867,3248,
2868,2868,2767,
2869,2869,2767,
2870,2870,2767,
2871,2871,2767,
2872,2872,2767,
2873,2873,2767,
2874,2874,2615,
2875,2875,2767,
2876,2876,2767,
2877,2877,2767,
2878,2878,2767,
2879,2879,2767,
2880,2880,2767,
2881,2881,2767,
2882,2882,2767,
2883,2883,2767,
2884,2884,2767,
2885,2885,2767,
2886,2886,2767,
2887,2887,2767,
2888,2888,2767,
2889,2889,2767,
2890,2890,2767,
2891,2891,2767,
2892,2892,2767,
2893,2893,3183,
2894,2894,3402,
2895,2895,3402,
2896,2896,3402,
2897,2897,3402,
2898,2898,3402,
2899,2899,3402,
2900,2900,2900,
2901,2901,2900,
2902,2902,2900,
2903,2903,2900,
2904,2904,2900,
2905,2905,3402,
2906,2906,2767,
2907,2907,2767,
2908,2908,2767,
2909,2909,2767,
2910,2910,2767,
2911,2911,2767,
2912,2912,2767,
2913,2913,3402,
2914,2914,2767,
2915,2915,2767,
2916,2916,2767,
2917,2917,2767,
2918,2918,2767,
2919,2919,2767,
2920,2920,2767,
2921,2921,2767,
2922,2922,2767,
2923,2923,2767,
2924,2924,2931,
2925,2925,2931,
2926,2926,2931,
2927,2927,2931,
2928,2928,2931,
2929,2929,2931,
2930,2930,2931,
2931,2931,2931,
2932,2932,2931,
2933,2933,2931,
2934,2934,2931,
2935,2935,2931,
2936,2936,2931,
2937,2937,2931,
2938,2938,2931,
2939,2939,2931,
2940,2940,2931,
2941,2941,2941,
2942,2942,2941,
2943,2943,2941,
2944,2944,2941,
2945,2945,2941,
2946,2946,2941,
2947,2947,2947,
2948,2948,4083,
2949,2949,4083,
2950,2950,2753,
2951,2951,3691,
2952,2952,3402,
2953,2953,3691,
2954,2954,2954,
2955,2955,2955,
2956,2956,3549,
2957,2957,3549,
2958,2958,3561,
2959,2959,3549,
2960,2960,3549,
2961,2961,3549,
2962,2962,3549,
2963,2963,3549,
2964,2964,3549,
2965,2965,3549,
2966,2966,3549,
2967,2967,3549,
2968,2968,3549,
2969,2969,3549,
2970,2970,3549,
2971,2971,3549,
2972,2972,3549,
2973,2973,3549,
2974,2974,3549,
2975,2975,3549,
2976,2976,3549,
2977,2977,3549,
2978,2978,3549,
2979,2979,3333,
2980,2980,3549,
2981,2981,3549,
2982,2982,3549,
2983,2983,3549,
2984,2984,3549,
2985,2985,3549,
2986,2986,3549,
2987,2987,3549,
2988,2988,3549,
2989,2989,3549,
2990,2990,3549,
2991,2991,3549,
2992,2992,3549,
2993,2993,3549,
2994,2994,3549,
2995,2995,3549,
2996,2996,3549,
2997,2997,3549,
2998,2998,3549,
2999,2999,3549,
3000,3000,3549,
3001,3001,3549,
3002,3002,3549,
3003,3003,3549,
3004,3004,3549,
3005,3005,3549,
3006,3006,3549,
3007,3007,3549,
3008,3008,3549,
3009,3009,3549,
3010,3010,3549,
3011,3011,3549,
3012,3012,3549,
3013,3013,3549,
3014,3014,3549,
3015,3015,3549,
3016,3016,3549,
3017,3017,3549,
3018,3018,3549,
3019,3019,3549,
3020,3020,3549,
3021,3021,3549,
3022,3022,3549,
3023,3023,3549,
3024,3024,3549,
3025,3025,3549,
3026,3026,3549,
3027,3027,3549,
3028,3028,3549,
3029,3029,3549,
3030,3030,3549,
3031,3031,3549,
3032,3032,3549,
3033,3033,3549,
3034,3034,3549,
3035,3035,3549,
3036,3036,3549,
3037,3037,3549,
3038,3038,3549,
3039,3039,3549,
3040,3040,3549,
3041,3041,3549,
3042,3042,3549,
3043,3043,3549,
3044,3044,3549,
3045,3045,3549,
3046,3046,3549,
3047,3047,2579,
3048,3048,2579,
3049,3049,2848,
3050,3050,2931,
3051,3051,2931,
3052,3052,2931,
3053,3053,2931,
3054,3054,2931,
3055,3055,2931,
3056,3056,2767,
3057,3057,2931,
3058,3058,3421,
3059,3059,3421,
3060,3060,2767,
3061,3061,2767,
3062,3062,3561,
3063,3063,3561,
3064,3064,3561,
3065,3065,3561,
3066,3066,3561,
3067,3067,3561,
3068,3068,3561,
3069,3069,3561,
3070,3070,2615,
3071,3071,3071,
3072,3072,2931,
3073,3073,2931,
3074,3074,2931,
3075,3075,2931,
3076,3076,2615,
3077,3077,2615,
3078,3078,2615,
3079,3079,2615,
3080,3080,3518,
3081,3081,3518,
3082,3082,3518,
3083,3083,3518,
3084,3084,3518,
3085,3085,3518,
3086,3086,4166,
3087,3087,3087,
3088,3088,3087,
3089,3089,3087,
3090,3090,3087,
3091,3091,3087,
3092,3092,3518,
3093,3093,3518,
3094,3094,3518,
3095,3095,3518,
3096,3096,3518,
3097,3097,3518,
3098,3098,3518,
3099,3099,3518,
3100,3100,3518,
3101,3101,3101,
3102,3102,3425,
3103,3103,3425,
3104,3104,3104,
3105,3105,2767,
3106,3106,2767,
3107,3107,2767,
3108,3108,2767,
3109,3109,2767,
3110,3110,2767,
3111,3111,2767,
3112,3112,3239,
3113,3113,3113,
3114,3114,3518,
3115,3115,3518,
3116,3116,3518,
3117,3117,3518,
3118,3118,3518,
3119,3119,3518,
3120,3120,3518,
3121,3121,3518,
3122,3122,3122,
3123,3123,3122,
3124,3124,3402,
3125,3125,3125,
3126,3126,3125,
3127,3127,3125,
3128,3128,3128,
3129,3129,2848,
3130,3130,3130,
3131,3131,2848,
3132,3132,2848,
3133,3133,2848,
3134,3134,2848,
3135,3135,2848,
3136,3136,2848,
3137,3137,2848,
3138,3138,2848,
3139,3139,2848,
3140,3140,2848,
3141,3141,2848,
3142,3142,2848,
3143,3143,3402,
3144,3144,3402,
3145,3145,3402,
3146,3146,3159,
3147,3147,3159,
3148,3148,3159,
3149,3149,3159,
3150,3150,3159,
3151,3151,3159,
3152,3152,3159,
3153,3153,3159,
3154,3154,3159,
3155,3155,3159,
3156,3156,3159,
3157,3157,3159,
3158,3158,3159,
3159,3159,3159,
3160,3160,3236,
3161,3161,3161,
3162,3162,3162,
3163,3163,3162,
3164,3164,3549,
3165,3165,3549,
3166,3166,3832,
3167,3167,3832,
3168,3168,3248,
3169,3169,2767,
3170,3170,2767,
3171,3171,2767,
3172,3172,2767,
3173,3173,3561,
3174,3174,3561,
3175,3175,2590,
3176,3176,3176,
3177,3177,3421,
3178,3178,3421,
3179,3179,3421,
3180,3180,3421,
3181,3181,3421,
3182,3182,3183,
3183,3183,3183,
3184,3184,3183,
3185,3185,3183,
3186,3186,3183,
3187,3187,3183,
3188,3188,3183,
3189,3189,3421,
3190,3190,3190,
3191,3191,3190,
3192,3192,3190,
3193,3193,3190,
3194,3194,3190,
3195,3195,3190,
3196,3196,3190,
3197,3197,3190,
3198,3198,3190,
3199,3199,3190,
3200,3200,3190,
3201,3201,3421,
3202,3202,2767,
3203,3203,2767,
3204,3204,2767,
3205,3205,2767,
3206,3206,2767,
3207,3207,2767,
3208,3208,2767,
3209,3209,2767,
3210,3210,3210,
3211,3211,3210,
3212,3212,3210,
3213,3213,3210,
3214,3214,2767,
3215,3215,3239,
3216,3216,3239,
3217,3217,3239,
3218,3218,3239,
3219,3219,3239,
3220,3220,3239,
3221,3221,3239,
3222,3222,3239,
3223,3223,3239,
3224,3224,3239,
3225,3225,3239,
3226,3226,3239,
3227,3227,3239,
3228,3228,3239,
3229,3229,3239,
3230,3230,3239,
3231,3231,3231,
3232,3232,3231,
3233,3233,3231,
3234,3234,3231,
3235,3235,3231,
3236,3236,3236,
3237,3237,3421,
3238,3238,3421,
3239,3239,3239,
3240,3240,3239,
3241,3241,3239,
3242,3242,3239,
3243,3243,3239,
3244,3244,3239,
3245,3245,3402,
3246,3246,3421,
3247,3247,3421,
3248,3248,3248,
3249,3249,3248,
3250,3250,3248,
3251,3251,3248,
3252,3252,3248,
3253,3253,3248,
3254,3254,3248,
3255,3255,3248,
3256,3256,3248,
3257,3257,3248,
3258,3258,3248,
3259,3259,3248,
3260,3260,3248,
3261,3261,3248,
3262,3262,3248,
3263,3263,3263,
3264,3264,3402,
3265,3265,3402,
3266,3266,3402,
3267,3267,3421,
3268,3268,3421,
3269,3269,3421,
3270,3270,3421,
3271,3271,3421,
3272,3272,3272,
3273,3273,2767,
3274,3274,2767,
3275,3275,2767,
3276,3276,3333,
3277,3277,3333,
3278,3278,3549,
3279,3279,3549,
3280,3280,3549,
3281,3281,3549,
3282,3282,3549,
3283,3283,3549,
3284,3284,3549,
3285,3285,3285,
3286,3286,3285,
3287,3287,3287,
3288,3288,3287,
3289,3289,3793,
3290,3290,3290,
3291,3291,3190,
3292,3292,3190,
3293,3293,3190,
3294,3294,3190,
3295,3295,3190,
3296,3296,3190,
3297,3297,3190,
3298,3298,2615,
3299,3299,3421,
3300,3300,3421,
3301,3301,3421,
3302,3302,3421,
3303,3303,3421,
3304,3304,3304,
3305,3305,3304,
3306,3306,3304,
3307,3307,3307,
3308,3308,2753,
3309,3309,2753,
3310,3310,2860,
3311,3311,2860,
3312,3312,2860,
3313,3313,3313,
3314,3314,3313,
3315,3315,3313,
3316,3316,3793,
3317,3317,3793,
3318,3318,3793,
3319,3319,3793,
3320,3320,3793,
3321,3321,3793,
3322,3322,3793,
3323,3323,3793,
3324,3324,3421,
3325,3325,3325,
3326,3326,3325,
3327,3327,3561,
3328,3328,3421,
3329,3329,3421,
3330,3330,3421,
3331,3331,3421,
3332,3332,3421,
3333,3333,3421,
3334,3334,3421,
3335,3335,3421,
3336,3336,3421,
3337,3337,3421,
3338,3338,3421,
3339,3339,3421,
3340,3340,3421,
3341,3341,3421,
3342,3342,3421,
3343,3343,3421,
3344,3344,3421,
3345,3345,3421,
3346,3346,3691,
3347,3347,3691,
3348,3348,3402,
3349,3349,3402,
3350,3350,3402,
3351,3351,3402,
3352,3352,3402,
3353,3353,2615,
3354,3354,2615,
3355,3355,2615,
3356,3356,2615,
3357,3357,2615,
3358,3358,2615,
3359,3359,2615,
3360,3360,2615,
3361,3361,2615,
3362,3362,3362,
3363,3363,3518,
3364,3364,3518,
3365,3365,3518,
3366,3366,3518,
3367,3367,3518,
3368,3368,3518,
3369,3369,3518,
3370,3370,3518,
3371,3371,3518,
3372,3372,3518,
3373,3373,3518,
3374,3374,3518,
3375,3375,3518,
3376,3376,3518,
3377,3377,3518,
3378,3378,3518,
3379,3379,3518,
3380,3380,3518,
3381,3381,3381,
3382,3382,3382,
3383,3383,3561,
3384,3384,3561,
3385,3385,3561,
3386,3386,2767,
3387,3387,2767,
3388,3388,2767,
3389,3389,2767,
3390,3390,2767,
3391,3391,2767,
3392,3392,2767,
3393,3393,2767,
3394,3394,2767,
3395,3395,2767,
3396,3396,2767,
3397,3397,2767,
3398,3398,3190,
3399,3399,3190,
3400,3400,3400,
3401,3401,3400,
3402,3402,3402,
3403,3403,3421,
3404,3404,2615,
3405,3405,2615,
3406,3406,3402,
3407,3407,3402,
3408,3408,3402,
3409,3409,3402,
3410,3410,3402,
3411,3411,3402,
3412,3412,3402,
3413,3413,3402,
3414,3414,3402,
3415,3415,3402,
3416,3416,3402,
3417,3417,3402,
3418,3418,3402,
3419,3419,3402,
3420,3420,3402,
3421,3421,3421,
3422,3422,3421,
3423,3423,3423,
3424,3424,3423,
3425,3425,3425,
3426,3426,3425,
3427,3427,3427,
3428,3428,3428,
3429,3429,3428,
3430,3430,3428,
3431,3431,3428,
3432,3432,3428,
3433,3433,3428,
3434,3434,2615,
3435,3435,2615,
3436,3436,3832,
3437,3437,3437,
3438,3438,3437,
3439,3439,3402,
3440,3440,3402,
3441,3441,3402,
3442,3442,3402,
3443,3443,3402,
3444,3444,3402,
3445,3445,2848,
3446,3446,2848,
3447,3447,2848,
3448,3448,2848,
3449,3449,2848,
3450,3450,2848,
3451,3451,2848,
3452,3452,2848,
3453,3453,2848,
3454,3454,2848,
3455,3455,2848,
3456,3456,3402,
3457,3457,3518,
3458,3458,3458,
3459,3459,3459,
3460,3460,3460,
3461,3461,3461,
3462,3462,3461,
3463,3463,3463,
3464,3464,3518,
3465,3465,3518,
3466,3466,2767,
3467,3467,2767,
3468,3468,3518,
3469,3469,3518,
3470,3470,3518,
3471,3471,3518,
3472,3472,3518,
3473,3473,3518,
3474,3474,3518,
3475,3475,3518,
3476,3476,3518,
3477,3477,3518,
3478,3478,3518,
3479,3479,3518,
3480,3480,3518,
3481,3481,2767,
3482,3482,2767,
3483,3483,2767,
3484,3484,2767,
3485,3485,2767,
3486,3486,2767,
3487,3487,2767,
3488,3488,2767,
3489,3489,2767,
3490,3490,2767,
3491,3491,2767,
3492,3492,2767,
3493,3493,2767,
3494,3494,3518,
3495,3495,3518,
3496,3496,3518,
3497,3497,3518,
3498,3498,3518,
3499,3499,3499,
3500,3500,3500,
3501,3501,3501,
3502,3502,3561,
3503,3503,3561,
3504,3504,3561,
3505,3505,3561,
3506,3506,3561,
3507,3507,3561,
3508,3508,3561,
3509,3509,3561,
3510,3510,3561,
3511,3511,3561,
3512,3512,3561,
3513,3513,3561,
3514,3514,3561,
3515,3515,3561,
3516,3516,3561,
3517,3517,3517,
3518,3518,3518,
3519,3519,3518,
3520,3520,2767,
3521,3521,2767,
3522,3522,2767,
3523,3523,2767,
3524,3524,2931,
3525,3525,2931,
3526,3526,2931,
3527,3527,2931,
3528,3528,3561,
3529,3529,3561,
3530,3530,3561,
3531,3531,3561,
3532,3532,3561,
3533,3533,3561,
3534,3534,3561,
3535,3535,3561,
3536,3536,3561,
3537,3537,3561,
3538,3538,3561,
3539,3539,3561,
3540,3540,3421,
3541,3541,3541,
3542,3542,3542,
3543,3543,3543,
3544,3544,3543,
3545,3545,3421,
3546,3546,3248,
3547,3547,2615,
3548,3548,3549,
3549,3549,3549,
3550,3550,3549,
3551,3551,3551,
3552,3552,3551,
3553,3553,3551,
3554,3554,3551,
3555,3555,2767,
3556,3556,3556,
3557,3557,3557,
3558,3558,3558,
3559,3559,3559,
3560,3560,3561,
3561,3561,3561,
3562,3562,3562,
3563,3563,2615,
3564,3564,2615,
3565,3565,3565,
3566,3566,3565,
3567,3567,3567,
3568,3568,3567,
3569,3569,3567,
3570,3570,3570,
3571,3571,2767,
3572,3572,2848,
3573,3573,3573,
3574,3574,3574,
3575,3575,3574,
3576,3576,3576,
3577,3577,2615,
3578,3578,2615,
3579,3579,2615,
3580,3580,2615,
3581,3581,2615,
3582,3582,2615,
3583,3583,2615,
3584,3584,2615,
3585,3585,2590,
3586,3586,2615,
3587,3587,2615,
3588,3588,2615,
3589,3589,3183,
3590,3590,3183,
3591,3591,3402,
3592,3592,3592,
3593,3593,3561,
3594,3594,3561,
3595,3595,3561,
3596,3596,3561,
3597,3597,3561,
3598,3598,3561,
3599,3599,3561,
3600,3600,3561,
3601,3601,3561,
3602,3602,3561,
3603,3603,3561,
3604,3604,3561,
3605,3605,3561,
3606,3606,3561,
3607,3607,3561,
3608,3608,3561,
3609,3609,3561,
3610,3610,3561,
3611,3611,3561,
3612,3612,3561,
3613,3613,3561,
3614,3614,3561,
3615,3615,3561,
3616,3616,3561,
3617,3617,3561,
3618,3618,3618,
3619,3619,3561,
3620,3620,3561,
3621,3621,3561,
3622,3622,3622,
3623,3623,3734,
3624,3624,3734,
3625,3625,3518,
3626,3626,3518,
3627,3627,3518,
3628,3628,3518,
3629,3629,2931,
3630,3630,2931,
3631,3631,2931,
3632,3632,2931,
3633,3633,2931,
3634,3634,2931,
3635,3635,2931,
3636,3636,2941,
3637,3637,3637,
3638,3638,3638,
3639,3639,2615,
3640,3640,2615,
3641,3641,2615,
3642,3642,2615,
3643,3643,2615,
3644,3644,2615,
3645,3645,2615,
3646,3646,2615,
3647,3647,2848,
3648,3648,3648,
3649,3649,3518,
3650,3650,3518,
3651,3651,3518,
3652,3652,3691,
3653,3653,3691,
3654,3654,3691,
3655,3655,3655,
3656,3656,3656,
3657,3657,3656,
3658,3658,3656,
3659,3659,3402,
3660,3660,3660,
3661,3661,3660,
3662,3662,2615,
3663,3663,2615,
3664,3664,2615,
3665,3665,2615,
3666,3666,2615,
3667,3667,3561,
3668,3668,3561,
3669,3669,3561,
3670,3670,3561,
3671,3671,3561,
3672,3672,3561,
3673,3673,3561,
3674,3674,3561,
3675,3675,3561,
3676,3676,3561,
3677,3677,3561,
3678,3678,3561,
3679,3679,3561,
3680,3680,3561,
3681,3681,3561,
3682,3682,3561,
3683,3683,3561,
3684,3684,3684,
3685,3685,3549,
3686,3686,3549,
3687,3687,3549,
3688,3688,3549,
3689,3689,3549,
3690,3690,2615,
3691,3691,3402,
3692,3692,3402,
3693,3693,3693,
3694,3694,2767,
3695,3695,2848,
3696,3696,3421,
3697,3697,3421,
3698,3698,3421,
3699,3699,3421,
3700,3700,3421,
3701,3701,3701,
3702,3702,3701,
3703,3703,3701,
3704,3704,3421,
3705,3705,3421,
3706,3706,3421,
3707,3707,3421,
3708,3708,3421,
3709,3709,3421,
3710,3710,3421,
3711,3711,2767,
3712,3712,2767,
3713,3713,2767,
3714,3714,2767,
3715,3715,2767,
3716,3716,3239,
3717,3717,3239,
3718,3718,3239,
3719,3719,3239,
3720,3720,3239,
3721,3721,3239,
3722,3722,3239,
3723,3723,3239,
3724,3724,3239,
3725,3725,3239,
3726,3726,3239,
3727,3727,3239,
3728,3728,3239,
3729,3729,3239,
3730,3730,3239,
3731,3731,2767,
3732,3732,3732,
3733,3733,3733,
3734,3734,3734,
3735,3735,3421,
3736,3736,3421,
3737,3737,3737,
3738,3738,3737,
3739,3739,3739,
3740,3740,3421,
3741,3741,3421,
3742,3742,3190,
3743,3743,3190,
3744,3744,3190,
3745,3745,3190,
3746,3746,3190,
3747,3747,3190,
3748,3748,3190,
3749,3749,3190,
3750,3750,3190,
3751,3751,3190,
3752,3752,3190,
3753,3753,3190,
3754,3754,3190,
3755,3755,3190,
3756,3756,3190,
3757,3757,3190,
3758,3758,3190,
3759,3759,3190,
3760,3760,3190,
3761,3761,3190,
3762,3762,3190,
3763,3763,3190,
3764,3764,3190,
3765,3765,3190,
3766,3766,3190,
3767,3767,3190,
3768,3768,3190,
3769,3769,3190,
3770,3770,3190,
3771,3771,3190,
3772,3772,3190,
3773,3773,3190,
3774,3774,3190,
3775,3775,3190,
3776,3776,3190,
3777,3777,3190,
3778,3778,3190,
3779,3779,3190,
3780,3780,3190,
3781,3781,3190,
3782,3782,3190,
3783,3783,3190,
3784,3784,3190,
3785,3785,3190,
3786,3786,3190,
3787,3787,3190,
3788,3788,3190,
3789,3789,3190,
3790,3790,3190,
3791,3791,3190,
3792,3792,3691,
3793,3793,3402,
3794,3794,3402,
3795,3795,3402,
3796,3796,3402,
3797,3797,3402,
3798,3798,3402,
3799,3799,3402,
3800,3800,3402,
3801,3801,3402,
3802,3802,3402,
3803,3803,3402,
3804,3804,3804,
3805,3805,3805,
3806,3806,2767,
3807,3807,3333,
3808,3808,3333,
3809,3809,3333,
3810,3810,3333,
3811,3811,3333,
3812,3812,3333,
3813,3813,3333,
3814,3814,3333,
3815,3815,3333,
3816,3816,3333,
3817,3817,3333,
3818,3818,3333,
3819,3819,3333,
3820,3820,3333,
3821,3821,3333,
3822,3822,3333,
3823,3823,3333,
3824,3824,3333,
3825,3825,3333,
3826,3826,3333,
3827,3827,3333,
3828,3828,3333,
3829,3829,3333,
3830,3830,3402,
3831,3831,3831,
3832,3832,3832,
3833,3833,3832,
3834,3834,3832,
3835,3835,3832,
3836,3836,3832,
3837,3837,3837,
3838,3838,3941,
3839,3839,3941,
3840,3840,3190,
3841,3841,2615,
3842,3842,3852,
3843,3843,3843,
3844,3844,2590,
3845,3845,3190,
3846,3846,3941,
3847,3847,3941,
3848,3848,3848,
3849,3849,3190,
3850,3850,3190,
3851,3851,2615,
3852,3852,3852,
3853,3853,3852,
3854,3854,3734,
3855,3855,3734,
3856,3856,3518,
3857,3857,3543,
3858,3858,3421,
3859,3859,3421,
3860,3860,3421,
3861,3861,3421,
3862,3862,3421,
3863,3863,3941,
3864,3864,3864,
3865,3865,3864,
3866,3866,3864,
3867,3867,3864,
3868,3868,3868,
3869,3869,2848,
3870,3870,3870,
3871,3871,3870,
3872,3872,3870,
3873,3873,3870,
3874,3874,3870,
3875,3875,3870,
3876,3876,3870,
3877,3877,4083,
3878,3878,3879,
3879,3879,3879,
3880,3880,2615,
3881,3881,2615,
3882,3882,2615,
3883,3883,2615,
3884,3884,2615,
3885,3885,2615,
3886,3886,2615,
3887,3887,2783,
3888,3888,3888,
3889,3889,3941,
3890,3890,3941,
3891,3891,3941,
3892,3892,3941,
3893,3893,3941,
3894,3894,3894,
3895,3895,3941,
3896,3896,3896,
3897,3897,3897,
3898,3898,3898,
3899,3899,2767,
3900,3900,3905,
3901,3901,3905,
3902,3902,3905,
3903,3903,3905,
3904,3904,3905,
3905,3905,3905,
3906,3906,3905,
3907,3907,3905,
3908,3908,4060,
3909,3909,3909,
3910,3910,2848,
3911,3911,2615,
3912,3912,4083,
3913,3913,2615,
3914,3914,2615,
3915,3915,3915,
3916,3916,3543,
3917,3917,3543,
3918,3918,3543,
3919,3919,2941,
3920,3920,2947,
3921,3921,3921,
3922,3922,3922,
3923,3923,3922,
3924,3924,3922,
3925,3925,3313,
3926,3926,3313,
3927,3927,3313,
3928,3928,3313,
3929,3929,3313,
3930,3930,3313,
3931,3931,3932,
3932,3932,3932,
3933,3933,3932,
3934,3934,3934,
3935,3935,3852,
3936,3936,3941,
3937,3937,3941,
3938,3938,3941,
3939,3939,3941,
3940,3940,3941,
3941,3941,3941,
3942,3942,3941,
3943,3943,3941,
3944,3944,2848,
3945,3945,3945,
3946,3946,3945,
3947,3947,3945,
3948,3948,3518,
3949,3949,3518,
3950,3950,3518,
3951,3951,3518,
3952,3952,3518,
3953,3953,3518,
3954,3954,2615,
3955,3955,2615,
3956,3956,3518,
3957,3957,3518,
3958,3958,3959,
3959,3959,3959,
3960,3960,3960,
3961,3961,3518,
3962,3962,3425,
3963,3963,3963,
3964,3964,2848,
3965,3965,2848,
3966,3966,2848,
3967,3967,2848,
3968,3968,2848,
3969,3969,2848,
3970,3970,3970,
3971,3971,3971,
3972,3972,3972,
3973,3973,3973,
3974,3974,3974,
3975,3975,3974,
3976,3976,3974,
3977,3977,2848,
3978,3978,3978,
3979,3979,3978,
3980,3980,3236,
3981,3981,3981,
3982,3982,3981,
3983,3983,3983,
3984,3984,3983,
3985,3985,3983,
3986,3986,3983,
3987,3987,2615,
3988,3988,3988,
3989,3989,3989,
3990,3990,3990,
3991,3991,3990,
3992,3992,3992,
3993,3993,3421,
3994,3994,3421,
3995,3995,3239,
3996,3996,3996,
3997,3997,3997,
3998,3998,3998,
3999,3999,3421,
4000,4000,2767,
4001,4001,4001,
4002,4002,4002,
4003,4003,4002,
4004,4004,2615,
4005,4005,2615,
4006,4006,4006,
4007,4007,3382,
4008,4008,4008,
4009,4009,4009,
4010,4010,4010,
4011,4011,2848,
4012,4012,2848,
4013,4013,4013,
4014,4014,4013,
4015,4015,2848,
4016,4016,2848,
4017,4017,2848,
4018,4018,4018,
4019,4019,4019,
4020,4020,3425,
4021,4021,4021,
4022,4022,2767,
4023,4023,3427,
4024,4024,2615,
4025,4025,2615,
4026,4026,2615,
4027,4027,2615,
4028,4028,2615,
4029,4029,2615,
4030,4030,2615,
4031,4031,2848,
4032,4032,2848,
4033,4033,2848,
4034,4034,2848,
4035,4035,4128,
4036,4036,4036,
4037,4037,4037,
4038,4038,4038,
4039,4039,4038,
4040,4040,4040,
4041,4041,4040,
4042,4042,4042,
4043,4043,4042,
4044,4044,4042,
4045,4045,4042,
4046,4046,4046,
4047,4047,2615,
4048,4048,2615,
4049,4049,2615,
4050,4050,2615,
4051,4051,4051,
4052,4052,2767,
4053,4053,4053,
4054,4054,4054,
4055,4055,4054,
4056,4056,2615,
4057,4057,2615,
4058,4058,2615,
4059,4059,4059,
4060,4060,4060,
4061,4061,4060,
4062,4062,2615,
4063,4063,4063,
4064,4064,3556,
4065,4065,4065,
4066,4066,3852,
4067,4067,4067,
4068,4068,4068,
4069,4069,2615,
4070,4070,2615,
4071,4071,2615,
4072,4072,2615,
4073,4073,2615,
4074,4074,4074,
4075,4075,4074,
4076,4076,4076,
4077,4077,4076,
4078,4078,4076,
4079,4079,4076,
4080,4080,4076,
4081,4081,4076,
4082,4082,4076,
4083,4083,4083,
4084,4084,4083,
4085,4085,4083,
4086,4086,4083,
4087,4087,4083,
4088,4088,4083,
4089,4089,4083,
4090,4090,4083,
4091,4091,4083,
4092,4092,4083,
4093,4093,4083,
4094,4094,4083,
4095,4095,2615,
4096,4096,4096,
4097,4097,2848,
4098,4098,2767,
4099,4099,4099,
4100,4100,4100,
4101,4101,4101,
4102,4102,4101,
4103,4103,3734,
4104,4104,3734,
4105,4105,3518,
4106,4106,4106,
4107,4107,4107,
4108,4108,2615,
4109,4109,2615,
4110,4110,2848,
4111,4111,2848,
4112,4112,2848,
4113,4113,2848,
4114,4114,2848,
4115,4115,2848,
4116,4116,3518,
4117,4117,4117,
4118,4118,2615,
4119,4119,4119,
4120,4120,3660,
4121,4121,2615,
4122,4122,2615,
4123,4123,2615,
4124,4124,4124,
4125,4125,2615,
4126,4126,2615,
4127,4127,3684,
4128,4128,4128,
4129,4129,4128,
4130,4130,4128,
4131,4131,2615,
4132,4132,4132,
4133,4133,4132,
4134,4134,4134,
4135,4135,4134,
4136,4136,4136,
4137,4137,3425,
4138,4138,3425,
4139,4139,4139,
4140,4140,4140,
4141,4141,3236,
4142,4142,3236,
4143,4143,4143,
4144,4144,4143,
4145,4145,3425,
4146,4146,4146,
4147,4147,2767,
4148,4148,4148,
4149,4149,4148,
4150,4150,4148,
4151,4151,3737,
4152,4152,3737,
4153,4153,3737,
4154,4154,3737,
4155,4155,4155,
4156,4156,3421,
4157,4157,4157,
4158,4158,2615,
4159,4159,2615,
4160,4160,2615,
4161,4161,2615,
4162,4162,2615,
4163,4163,2848,
4164,4164,2615,
4165,4165,4165,
4166,4166,4166,
4167,4167,3832,
4168,4168,3852,
4169,4169,3852,
4170,4170,4171,
4171,4171,4171,
4172,4172,4171,
4173,4173,4171,
4174,4174,4171,
4175,4175,4171,
